24012011142_Vatsal [(none)] Tue Nov 18 00:02:45 2025 
>system cls

24012011142_Vatsal [(none)] Tue Nov 18 00:03:23 2025 
>DROP DATABASE IF EXISTS practical_8_24012011142;
Query OK, 0 rows affected, 1 warning (0.02 sec)

24012011142_Vatsal [(none)] Tue Nov 18 00:03:37 2025 
>CREATE DATABASE practical_8_24012011142;
Query OK, 1 row affected (0.01 sec)

24012011142_Vatsal [(none)] Tue Nov 18 00:03:37 2025 
>USE practical_8_24012011142;
Database changed

24012011142_Vatsal [practical_8_24012011142] Tue Nov 18 00:03:37 2025 
>

24012011142_Vatsal [practical_8_24012011142] Tue Nov 18 00:03:38 2025 
>DELIMITER $$
24012011142_Vatsal [practical_8_24012011142] Tue Nov 18 00:03:47 2025 
>
24012011142_Vatsal [practical_8_24012011142] Tue Nov 18 00:03:47 2025 
>CREATE FUNCTION addition(a INT, b INT)
    -> RETURNS INT
    -> DETERMINISTIC
    -> BEGIN
    ->     RETURN a + b;
    -> END$$
Query OK, 0 rows affected (0.01 sec)

24012011142_Vatsal [practical_8_24012011142] Tue Nov 18 00:04:02 2025 
>CREATE FUNCTION subtraction(a INT, b INT)
    -> RETURNS INT
    -> DETERMINISTIC
    -> BEGIN
    ->     RETURN a - b;
    -> END$$
Query OK, 0 rows affected (0.00 sec)

24012011142_Vatsal [practical_8_24012011142] Tue Nov 18 00:04:04 2025 
>CREATE FUNCTION multiplication(a INT, b INT)
    -> RETURNS INT
    -> DETERMINISTIC
    -> BEGIN
    ->     RETURN a * b;
    -> END$$
Query OK, 0 rows affected (0.00 sec)

24012011142_Vatsal [practical_8_24012011142] Tue Nov 18 00:04:10 2025 
>CREATE FUNCTION division(a INT, b INT)
    -> RETURNS DECIMAL(10,2)
    -> DETERMINISTIC
    -> BEGIN
    ->     RETURN a / b;
    -> END$$
Query OK, 0 rows affected (0.01 sec)

24012011142_Vatsal [practical_8_24012011142] Tue Nov 18 00:04:16 2025 
>DELIMITER ;

24012011142_Vatsal [practical_8_24012011142] Tue Nov 18 00:04:22 2025 
>SELECT addition(10,10);
+-----------------+
| addition(10,10) |
+-----------------+
|              20 |
+-----------------+
1 row in set (0.01 sec)

24012011142_Vatsal [practical_8_24012011142] Tue Nov 18 00:04:27 2025 
>SELECT subtraction(10,5);
+-------------------+
| subtraction(10,5) |
+-------------------+
|                 5 |
+-------------------+
1 row in set (0.00 sec)

24012011142_Vatsal [practical_8_24012011142] Tue Nov 18 00:04:27 2025 
>SELECT multiplication(10,5);
+----------------------+
| multiplication(10,5) |
+----------------------+
|                   50 |
+----------------------+
1 row in set (0.00 sec)

24012011142_Vatsal [practical_8_24012011142] Tue Nov 18 00:04:27 2025 
>SELECT division(10,4);
+----------------+
| division(10,4) |
+----------------+
|           2.50 |
+----------------+
1 row in set (0.00 sec)



24012011142_Vatsal [practical_8_24012011142] Tue Nov 18 00:04:28 2025 
>DELIMITER $$

24012011142_Vatsal [practical_8_24012011142] Tue Nov 18 00:05:12 2025 
>CREATE FUNCTION max_two(a INT, b INT)
    -> RETURNS INT
    -> DETERMINISTIC
    -> BEGIN
    ->     IF a > b THEN
    ->         RETURN a;
    ->     ELSE
    ->         RETURN b;
    ->     END IF;
    -> END$$
Query OK, 0 rows affected (0.01 sec)

24012011142_Vatsal [practical_8_24012011142] Tue Nov 18 00:05:12 2025 
>DELIMITER ;

24012011142_Vatsal [practical_8_24012011142] Tue Nov 18 00:05:13 2025 
>SELECT max_two(10,20);
+----------------+
| max_two(10,20) |
+----------------+
|             20 |
+----------------+
1 row in set (0.01 sec)

24012011142_Vatsal [practical_8_24012011142] Tue Nov 18 00:05:16 2025 
>SELECT max_two(30,15);
+----------------+
| max_two(30,15) |
+----------------+
|             30 |
+----------------+
1 row in set (0.00 sec)

24012011142_Vatsal [practical_8_24012011142] Tue Nov 18 00:05:17 2025 
>DELIMITER $$

24012011142_Vatsal [practical_8_24012011142] Tue Nov 18 00:05:26 2025 
>CREATE FUNCTION calculator(a DECIMAL(10,2), b DECIMAL(10,2), op CHAR(1))
    -> RETURNS DECIMAL(10,2)
    -> DETERMINISTIC
    -> BEGIN
    ->     IF op = '+' THEN
    ->         RETURN a + b;
    ->     ELSEIF op = '-' THEN
    ->         RETURN a - b;
    ->     ELSEIF op = '*' THEN
    ->         RETURN a * b;
    ->     ELSEIF op = '/' THEN
    ->         RETURN a / b;
    ->     ELSE
    ->         RETURN NULL;
    ->     END IF;
    -> END$$
Query OK, 0 rows affected (0.01 sec)

24012011142_Vatsal [practical_8_24012011142] Tue Nov 18 00:05:26 2025 
>DELIMITER ;

24012011142_Vatsal [practical_8_24012011142] Tue Nov 18 00:05:27 2025 
>SELECT calculator(10, 5, '+');
+------------------------+
| calculator(10, 5, '+') |
+------------------------+
|                  15.00 |
+------------------------+
1 row in set (0.01 sec)

24012011142_Vatsal [practical_8_24012011142] Tue Nov 18 00:05:31 2025 
>SELECT calculator(10, 5, '*');
+------------------------+
| calculator(10, 5, '*') |
+------------------------+
|                  50.00 |
+------------------------+
1 row in set (0.00 sec)

24012011142_Vatsal [practical_8_24012011142] Tue Nov 18 00:05:32 2025 
>CREATE TABLE Employee_Details (
    ->     Emp_No INT,
    ->     Name VARCHAR(255),
    ->     Salary DECIMAL(10,2)
    -> );
Query OK, 0 rows affected (0.02 sec)

24012011142_Vatsal [practical_8_24012011142] Tue Nov 18 00:05:48 2025 
>DESC Employee_Details;
+--------+---------------+------+-----+---------+-------+
| Field  | Type          | Null | Key | Default | Extra |
+--------+---------------+------+-----+---------+-------+
| Emp_No | int           | YES  |     | NULL    |       |
| Name   | varchar(255)  | YES  |     | NULL    |       |
| Salary | decimal(10,2) | YES  |     | NULL    |       |
+--------+---------------+------+-----+---------+-------+
3 rows in set (0.01 sec)

24012011142_Vatsal [practical_8_24012011142] Tue Nov 18 00:05:48 2025 
>INSERT INTO Employee_Details (Emp_No, Name, Salary) VALUES
    -> (1, 'Vatsal', 50000.00),
    -> (2, 'Riya', 60000.00),
    -> (3, 'Aryan', 55000.00),
    -> (4, 'Sneha', 70000.00),
    -> (5, 'Keta', 65000.00);
Query OK, 5 rows affected (0.00 sec)
Records: 5  Duplicates: 0  Warnings: 0

24012011142_Vatsal [practical_8_24012011142] Tue Nov 18 00:05:48 2025 
>SELECT * FROM Employee_Details;
+--------+--------+----------+
| Emp_No | Name   | Salary   |
+--------+--------+----------+
|      1 | Vatsal | 50000.00 |
|      2 | Riya   | 60000.00 |
|      3 | Aryan  | 55000.00 |
|      4 | Sneha  | 70000.00 |
|      5 | Keta   | 65000.00 |
+--------+--------+----------+
5 rows in set (0.00 sec)

24012011142_Vatsal [practical_8_24012011142] Tue Nov 18 00:05:49 2025 
>DELIMITER $$

24012011142_Vatsal [practical_8_24012011142] Tue Nov 18 00:06:00 2025 
>CREATE PROCEDURE update_salary(
    ->     IN empName VARCHAR(50),
    ->     IN percentage DECIMAL(5,2)
    -> )
    -> BEGIN
    ->     UPDATE Employee_Details
    ->     SET salary = salary + (salary * percentage / 100)
    ->     WHERE Name = empName;
    -> END$$
Query OK, 0 rows affected (0.00 sec)

24012011142_Vatsal [practical_8_24012011142] Tue Nov 18 00:06:00 2025 
>DELIMITER ;

24012011142_Vatsal [practical_8_24012011142] Tue Nov 18 00:06:01 2025 
>SELECT * FROM Employee_Details;
+--------+--------+----------+
| Emp_No | Name   | Salary   |
+--------+--------+----------+
|      1 | Vatsal | 50000.00 |
|      2 | Riya   | 60000.00 |
|      3 | Aryan  | 55000.00 |
|      4 | Sneha  | 70000.00 |
|      5 | Keta   | 65000.00 |
+--------+--------+----------+
5 rows in set (0.00 sec)

24012011142_Vatsal [practical_8_24012011142] Tue Nov 18 00:06:07 2025 
>CALL update_salary('Vatsal', 10);
Query OK, 1 row affected (0.01 sec)

24012011142_Vatsal [practical_8_24012011142] Tue Nov 18 00:06:07 2025 
>SELECT * FROM Employee_Details;
+--------+--------+----------+
| Emp_No | Name   | Salary   |
+--------+--------+----------+
|      1 | Vatsal | 55000.00 |
|      2 | Riya   | 60000.00 |
|      3 | Aryan  | 55000.00 |
|      4 | Sneha  | 70000.00 |
|      5 | Keta   | 65000.00 |
+--------+--------+----------+
5 rows in set (0.00 sec)

24012011142_Vatsal [practical_8_24012011142] Tue Nov 18 00:06:07 2025 
>CREATE TABLE Company1 (
    ->     no INT,
    ->     name VARCHAR(50)
    -> );
Query OK, 0 rows affected (0.01 sec)

24012011142_Vatsal [practical_8_24012011142] Tue Nov 18 00:06:16 2025 
>CREATE TABLE Company2 (
    ->     no INT,
    ->     name VARCHAR(50),
    ->     operation VARCHAR(20)
    -> );
Query OK, 0 rows affected (0.01 sec)

24012011142_Vatsal [practical_8_24012011142] Tue Nov 18 00:06:16 2025 
>DESC Company1;
+-------+-------------+------+-----+---------+-------+
| Field | Type        | Null | Key | Default | Extra |
+-------+-------------+------+-----+---------+-------+
| no    | int         | YES  |     | NULL    |       |
| name  | varchar(50) | YES  |     | NULL    |       |
+-------+-------------+------+-----+---------+-------+
2 rows in set (0.00 sec)

24012011142_Vatsal [practical_8_24012011142] Tue Nov 18 00:06:31 2025 
>DESC Company2;
+-----------+-------------+------+-----+---------+-------+
| Field     | Type        | Null | Key | Default | Extra |
+-----------+-------------+------+-----+---------+-------+
| no        | int         | YES  |     | NULL    |       |
| name      | varchar(50) | YES  |     | NULL    |       |
| operation | varchar(20) | YES  |     | NULL    |       |
+-----------+-------------+------+-----+---------+-------+
3 rows in set (0.00 sec)

24012011142_Vatsal [practical_8_24012011142] Tue Nov 18 00:06:31 2025 
>INSERT INTO Company1 (no, name) VALUES
    -> (1, 'Vatsal'),
    -> (2, 'Riya'),
    -> (3, 'Aryan');
Query OK, 3 rows affected (0.01 sec)
Records: 3  Duplicates: 0  Warnings: 0

24012011142_Vatsal [practical_8_24012011142] Tue Nov 18 00:06:31 2025 
>DELIMITER $$

24012011142_Vatsal [practical_8_24012011142] Tue Nov 18 00:06:37 2025 
>CREATE TRIGGER log_update_company1
    -> AFTER UPDATE ON Company1
    -> FOR EACH ROW
    -> BEGIN
    ->     INSERT INTO Company2(no, name, operation)
    ->     VALUES (OLD.no, OLD.name, 'update');
    -> END$$
Query OK, 0 rows affected (0.01 sec)

24012011142_Vatsal [practical_8_24012011142] Tue Nov 18 00:06:37 2025 
>DELIMITER ;

24012011142_Vatsal [practical_8_24012011142] Tue Nov 18 00:06:38 2025 
>SELECT * FROM Company1;
+------+--------+
| no   | name   |
+------+--------+
|    1 | Vatsal |
|    2 | Riya   |
|    3 | Aryan  |
+------+--------+
3 rows in set (0.00 sec)

24012011142_Vatsal [practical_8_24012011142] Tue Nov 18 00:06:46 2025 
>SELECT * FROM Company2;
Empty set (0.00 sec)

24012011142_Vatsal [practical_8_24012011142] Tue Nov 18 00:06:46 2025 
>UPDATE Company1 SET name='Vatsal Patel' WHERE no=1;
Query OK, 1 row affected (0.01 sec)
Rows matched: 1  Changed: 1  Warnings: 0

24012011142_Vatsal [practical_8_24012011142] Tue Nov 18 00:06:46 2025 
>UPDATE Company1 SET name='Riya Patel' WHERE no=2;
Query OK, 1 row affected (0.00 sec)
Rows matched: 1  Changed: 1  Warnings: 0

24012011142_Vatsal [practical_8_24012011142] Tue Nov 18 00:06:46 2025 
>SELECT * FROM Company1;
+------+--------------+
| no   | name         |
+------+--------------+
|    1 | Vatsal Patel |
|    2 | Riya Patel   |
|    3 | Aryan        |
+------+--------------+
3 rows in set (0.00 sec)

24012011142_Vatsal [practical_8_24012011142] Tue Nov 18 00:06:46 2025 
>SELECT * FROM Company2;
+------+--------+-----------+
| no   | name   | operation |
+------+--------+-----------+
|    1 | Vatsal | update    |
|    2 | Riya   | update    |
+------+--------+-----------+
2 rows in set (0.00 sec)

24012011142_Vatsal [practical_8_24012011142] Tue Nov 18 00:06:47 2025 
>DELIMITER $$

24012011142_Vatsal [practical_8_24012011142] Tue Nov 18 00:06:53 2025 
>CREATE TRIGGER log_delete_company1
    -> AFTER DELETE ON Company1
    -> FOR EACH ROW
    -> BEGIN
    ->     INSERT INTO Company2(no, name, operation)
    ->     VALUES (OLD.no, OLD.name, 'delete');
    -> END$$
Query OK, 0 rows affected (0.01 sec)

24012011142_Vatsal [practical_8_24012011142] Tue Nov 18 00:06:53 2025 
>DELIMITER ;

24012011142_Vatsal [practical_8_24012011142] Tue Nov 18 00:06:53 2025 
>SELECT * FROM Company1;
+------+--------------+
| no   | name         |
+------+--------------+
|    1 | Vatsal Patel |
|    2 | Riya Patel   |
|    3 | Aryan        |
+------+--------------+
3 rows in set (0.00 sec)

24012011142_Vatsal [practical_8_24012011142] Tue Nov 18 00:06:58 2025 
>SELECT * FROM Company2;
+------+--------+-----------+
| no   | name   | operation |
+------+--------+-----------+
|    1 | Vatsal | update    |
|    2 | Riya   | update    |
+------+--------+-----------+
2 rows in set (0.00 sec)

24012011142_Vatsal [practical_8_24012011142] Tue Nov 18 00:06:58 2025 
>DELETE FROM Company1 WHERE no=3;
Query OK, 1 row affected (0.01 sec)

24012011142_Vatsal [practical_8_24012011142] Tue Nov 18 00:06:58 2025 
>SELECT * FROM Company1;
+------+--------------+
| no   | name         |
+------+--------------+
|    1 | Vatsal Patel |
|    2 | Riya Patel   |
+------+--------------+
2 rows in set (0.00 sec)

24012011142_Vatsal [practical_8_24012011142] Tue Nov 18 00:06:58 2025 
>SELECT * FROM Company2;
+------+--------+-----------+
| no   | name   | operation |
+------+--------+-----------+
|    1 | Vatsal | update    |
|    2 | Riya   | update    |
|    3 | Aryan  | delete    |
+------+--------+-----------+
3 rows in set (0.00 sec)

24012011142_Vatsal [practical_8_24012011142] Tue Nov 18 00:06:59 2025 
>CREATE TABLE Test1 (
    ->     No1 INT,
    ->     No2 INT
    -> );
Query OK, 0 rows affected (0.01 sec)

24012011142_Vatsal [practical_8_24012011142] Tue Nov 18 00:07:06 2025 
>CREATE TABLE Test2 (
    ->     Total INT
    -> );
Query OK, 0 rows affected (0.01 sec)

24012011142_Vatsal [practical_8_24012011142] Tue Nov 18 00:07:06 2025 
>DESC Test1;
+-------+------+------+-----+---------+-------+
| Field | Type | Null | Key | Default | Extra |
+-------+------+------+-----+---------+-------+
| No1   | int  | YES  |     | NULL    |       |
| No2   | int  | YES  |     | NULL    |       |
+-------+------+------+-----+---------+-------+
2 rows in set (0.00 sec)

24012011142_Vatsal [practical_8_24012011142] Tue Nov 18 00:07:06 2025 
>DESC Test2;
+-------+------+------+-----+---------+-------+
| Field | Type | Null | Key | Default | Extra |
+-------+------+------+-----+---------+-------+
| Total | int  | YES  |     | NULL    |       |
+-------+------+------+-----+---------+-------+
1 row in set (0.00 sec)

24012011142_Vatsal [practical_8_24012011142] Tue Nov 18 00:07:06 2025 
>DELIMITER $$

24012011142_Vatsal [practical_8_24012011142] Tue Nov 18 00:07:12 2025 
>CREATE TRIGGER calc_total_insert
    -> AFTER INSERT ON Test1
    -> FOR EACH ROW
    -> BEGIN
    ->     INSERT INTO Test2(total)
    ->     VALUES (NEW.No1 + NEW.No2);
    -> END$$
Query OK, 0 rows affected (0.01 sec)

24012011142_Vatsal [practical_8_24012011142] Tue Nov 18 00:07:12 2025 
>DELIMITER ;

24012011142_Vatsal [practical_8_24012011142] Tue Nov 18 00:07:16 2025 
>INSERT INTO Test1 (No1, No2) VALUES (10, 20);
Query OK, 1 row affected (0.00 sec)

24012011142_Vatsal [practical_8_24012011142] Tue Nov 18 00:07:22 2025 
>INSERT INTO Test1 (No1, No2) VALUES (30, 40);
Query OK, 1 row affected (0.00 sec)

24012011142_Vatsal [practical_8_24012011142] Tue Nov 18 00:07:22 2025 
>SELECT * FROM Test1;
+------+------+
| No1  | No2  |
+------+------+
|   10 |   20 |
|   30 |   40 |
+------+------+
2 rows in set (0.00 sec)

24012011142_Vatsal [practical_8_24012011142] Tue Nov 18 00:07:22 2025 
>SELECT * FROM Test2;
+-------+
| Total |
+-------+
|    30 |
|    70 |
+-------+
2 rows in set (0.00 sec)

24012011142_Vatsal [practical_8_24012011142] Tue Nov 18 00:07:23 2025 
>NOTEE;
